,City,Country,Date,Cloudiness,Humidity,Lat,Lng,Max Temp,Wind Speed
0,Maceio,BR,2019-06-27,75,69,-9.67,-35.74,77.0,4.7
1,Cabo San Lucas,MX,2019-06-27,40,46,22.89,-109.91,97.0,12.75
2,Adelaide,AU,2019-06-27,0,51,-34.93,138.6,62.01,17.22
3,Nabire,ID,2019-06-27,100,99,-3.36,135.5,70.25,3.56
4,Cape Town,ZA,2019-06-27,75,82,-33.93,18.42,57.99,26.4
5,Hermanus,ZA,2019-06-27,67,72,-34.42,19.24,59.0,7.0
6,Atuona,PF,2019-06-27,0,74,-9.8,-139.03,80.69,14.45
7,Bethel,US,2019-06-27,20,56,60.79,-161.76,69.8,6.42
8,Qasigiannguit,GL,2019-06-27,75,65,68.82,-51.19,41.0,12.75
9,Busselton,AU,2019-06-27,13,98,-33.64,115.35,42.01,24.76
10,Mataura,NZ,2019-06-27,2,92,-46.19,168.86,41.0,3.0
11,Kodiak,US,2019-06-27,40,70,39.95,-94.76,90.0,23.04
12,Parkes,AU,2019-06-27,0,72,-33.14,148.18,53.01,3.0
13,Rodna,RO,2019-06-27,68,86,47.42,24.82,57.0,3.4
14,Upernavik,GL,2019-06-27,79,81,72.79,-56.15,33.71,5.19
15,Kapaa,US,2019-06-27,75,74,22.08,-159.32,84.2,17.22
16,Vieksniai,LT,2019-06-27,0,66,56.23,22.52,55.4,18.34
17,Rikitea,PF,2019-06-27,100,82,-23.12,-134.97,75.11,17.27
18,Chicama,PE,2019-06-27,0,77,-7.84,-79.15,68.0,10.29
19,Vostok,RU,2019-06-27,100,98,46.45,135.83,49.37,4.65
20,Ushuaia,AR,2019-06-27,75,96,-54.81,-68.31,32.0,23.04
21,Aconibe,GQ,2019-06-27,5,99,1.29,10.94,65.93,1.54
22,Dunedin,NZ,2019-06-27,67,64,-45.87,170.5,51.01,1.01
23,Punta Arenas,CL,2019-06-27,40,74,-53.16,-70.91,32.0,13.87
24,Opuwo,NA,2019-06-27,0,81,-18.06,13.84,48.47,1.14
25,San Sebastian El Grande,MX,2019-06-27,75,44,20.52,-103.42,78.8,4.7
26,Touros,BR,2019-06-27,75,94,-5.2,-35.46,77.0,3.36
27,Inhambane,MZ,2019-06-27,0,95,-23.87,35.38,61.43,2.44
28,Raudeberg,NO,2019-06-27,40,71,61.99,5.14,51.8,8.05
29,Souillac,FR,2019-06-27,0,58,45.6,-0.6,86.0,5.82
30,Moroleon,MX,2019-06-27,75,39,20.13,-101.2,80.6,9.17
31,Poya,NC,2019-06-27,100,85,-21.35,165.16,70.25,18.19
32,Saint-Philippe,CA,2019-06-27,20,45,45.36,-73.48,84.99,18.34
33,Tuktoyaktuk,CA,2019-06-27,75,81,69.44,-133.03,44.6,8.05
34,Chuy,UY,2019-06-27,86,68,-33.69,-53.46,51.35,8.81
35,Vredendal,ZA,2019-06-27,77,89,-31.68,18.49,55.49,26.96
36,Pangnirtung,CA,2019-06-27,20,52,66.15,-65.72,46.4,20.8
37,Nikolskoye,RU,2019-06-27,90,87,59.7,30.79,59.0,11.18
38,Airai,TL,2019-06-27,0,77,-8.93,125.41,63.41,6.06
39,Bluff,AU,2019-06-27,89,84,-23.58,149.07,57.65,16.87
40,Lebu,ET,2019-06-27,40,87,8.96,38.73,59.0,9.17
41,Mahebourg,MU,2019-06-27,75,88,-20.41,57.7,73.99,3.36
42,Albany,US,2019-06-27,75,35,42.65,-73.75,86.0,12.75
43,Baghdad,IQ,2019-06-27,0,18,33.3,44.38,96.8,4.7
44,Clyde River,CA,2019-06-27,20,57,70.47,-68.59,48.2,17.22
45,Morehead,US,2019-06-27,20,46,38.18,-83.43,91.99,7.02
46,Babanka,UA,2019-06-27,0,90,48.71,30.45,62.33,13.29
47,Port Alfred,ZA,2019-06-27,0,53,-33.59,26.89,62.01,7.0
48,Bredasdorp,ZA,2019-06-27,0,58,-34.53,20.04,59.0,1.12
49,Vuktyl,RU,2019-06-27,25,60,63.86,57.31,49.19,3.13
50,Port-Gentil,GA,2019-06-27,20,88,-0.72,8.78,75.2,6.93
51,Lobito,AO,2019-06-27,36,87,-12.35,13.55,64.13,5.39
52,Puerto Ayora,EC,2019-06-27,0,69,-0.74,-90.35,78.8,19.46
53,Ribeira Grande,PT,2019-06-27,75,63,38.52,-28.7,66.2,5.82
54,Griffith,AU,2019-06-27,0,81,-34.29,146.06,50.0,6.93
55,Bambous Virieux,MU,2019-06-27,75,88,-20.34,57.76,73.99,3.36
56,Brae,GB,2019-06-27,99,93,60.4,-1.35,51.8,10.29
57,Barrow,AR,2019-06-27,100,53,-38.31,-60.23,50.45,19.71
58,Tromso,NO,2019-06-27,75,81,69.65,18.96,42.8,17.22
59,Porto Torres,IT,2019-06-27,0,88,40.84,8.4,77.0,3.36
60,Butaritari,KI,2019-06-27,2,73,3.07,172.79,83.57,12.46
61,Worthington,US,2019-06-27,1,65,43.62,-95.6,84.2,17.22
62,Arraial Do Cabo,BR,2019-06-27,40,94,-22.97,-42.02,75.2,9.17
63,Saldanha,PT,2019-06-27,0,68,41.42,-6.55,68.99,4.63
64,Cidreira,BR,2019-06-27,0,85,-30.17,-50.22,58.55,10.27
65,Margate,AU,2019-06-27,0,66,-43.03,147.26,57.0,10.29
66,Baft,IR,2019-06-27,0,32,29.23,56.61,67.73,6.85
67,Khatanga,RU,2019-06-27,100,73,71.98,102.47,56.75,9.33
68,Alugan,PH,2019-06-27,100,94,12.22,125.48,76.01,3.29
69,Na Wa,TH,2019-06-27,100,83,17.49,104.1,77.27,5.93
70,Thinadhoo,MV,2019-06-27,17,70,0.53,72.93,83.21,4.47
71,Mezhdurechensk,RU,2019-06-27,0,92,53.69,88.07,56.75,2.28
72,Salta,AR,2019-06-27,0,35,-24.79,-65.41,69.8,6.93
73,Vao,EE,2019-06-27,0,70,59.1,26.19,57.29,12.35
74,Luderitz,NA,2019-06-27,0,93,-26.65,15.16,50.0,4.7
75,Thompson,CA,2019-06-27,75,37,55.74,-97.86,68.0,4.7
76,Banda Aceh,ID,2019-06-27,78,77,5.56,95.32,83.57,14.99
77,Riyadh,SA,2019-06-27,0,9,24.63,46.72,91.4,1.54
78,Tiksi,RU,2019-06-27,87,80,71.64,128.87,43.97,11.39
79,Bathsheba,BB,2019-06-27,40,70,13.22,-59.52,84.2,19.46
80,Mount Isa,AU,2019-06-27,0,81,-20.73,139.49,48.2,12.86
81,Namibe,AO,2019-06-27,100,80,-15.19,12.15,65.75,13.94
82,New Norfolk,AU,2019-06-27,0,66,-42.78,147.06,57.0,10.29
83,Narsaq,GL,2019-06-27,75,62,60.91,-46.05,55.4,8.05
84,Port Elizabeth,US,2019-06-27,1,31,39.31,-74.98,93.99,6.93
85,Dikson,RU,2019-06-27,96,96,73.51,80.55,33.71,6.67
86,Fritzlar,DE,2019-06-27,0,59,51.13,9.27,68.0,10.29
87,Rapid Valley,US,2019-06-27,1,51,44.06,-103.15,84.0,13.87
88,Nizwa,OM,2019-06-27,0,60,22.93,57.53,81.05,2.1
89,Rio Gallegos,AR,2019-06-27,20,80,-51.62,-69.22,30.2,13.87
90,Acapulco,MX,2019-06-27,20,75,16.86,-99.88,89.6,8.05
91,Jamestown,AU,2019-06-27,0,70,-33.21,138.6,55.13,11.61
92,The Valley,AI,2019-06-27,20,62,18.22,-63.06,86.0,16.11
93,Ahipara,NZ,2019-06-27,24,74,-35.17,173.16,57.65,15.17
94,Gairatganj,IN,2019-06-27,100,59,23.42,78.24,83.57,10.02
95,Chokurdakh,RU,2019-06-27,0,52,70.62,147.9,51.71,11.25
96,East London,ZA,2019-06-27,0,25,-33.02,27.91,63.41,6.78
97,Qaanaaq,GL,2019-06-27,41,48,77.48,-69.36,43.97,2.89
98,Peddapuram,IN,2019-06-27,45,79,17.08,82.14,83.21,2.44
99,Monkey Bay,MW,2019-06-27,13,58,-14.08,34.91,64.49,7.63
100,Mavrovi Anovi,MK,2019-06-27,20,63,41.7,20.76,64.4,8.05
101,Piuma,BR,2019-06-27,0,89,-20.84,-40.72,72.05,3.74
102,Ozinki,RU,2019-06-27,100,71,51.2,49.73,63.95,4.94
103,Nishihara,JP,2019-06-27,75,94,35.74,139.53,75.99,5.82
104,Yulara,AU,2019-06-27,0,47,-25.24,130.99,35.6,4.7
105,Atar,MR,2019-06-27,0,10,20.52,-13.05,99.95,10.54
106,Hilo,US,2019-06-27,90,83,19.71,-155.08,87.01,5.82
107,Eureka,US,2019-06-27,20,87,40.8,-124.16,70.0,6.93
108,Necochea,AR,2019-06-27,100,73,-38.55,-58.74,48.99,11.01
109,Ardmore,US,2019-06-27,90,69,34.99,-86.85,84.2,17.22
110,Mackay,CA,2019-06-27,90,93,53.65,-115.58,64.4,5.82
111,Guerrero Negro,MX,2019-06-27,0,84,27.97,-114.04,64.49,12.88
112,Victoria,BN,2019-06-27,75,78,5.28,115.24,80.6,2.24
113,Koslan,RU,2019-06-27,81,59,63.46,48.9,52.79,4.05
114,Sioux Lookout,CA,2019-06-27,75,36,50.1,-91.92,78.8,8.05
115,Los Llanos De Aridane,ES,2019-06-27,20,68,28.66,-17.92,71.6,12.75
116,Vila,IT,2019-06-27,0,78,45.18,8.4,89.6,5.82
117,Kaitangata,NZ,2019-06-27,36,70,-46.28,169.85,41.0,8.99
118,Yar-Sale,RU,2019-06-27,93,66,66.83,70.83,46.13,7.65
119,Tambun,ID,2019-06-27,20,74,-6.26,107.07,78.8,8.05
120,Zhigansk,RU,2019-06-27,97,76,66.77,123.37,62.87,12.35
121,Dakoro,NE,2019-06-27,14,27,14.51,6.76,95.09,3.15
122,Luanda,AO,2019-06-27,0,83,-8.83,13.24,69.8,6.93
123,Saskylakh,RU,2019-06-27,100,39,71.97,114.09,56.21,9.08
124,Grand Forks,US,2019-06-27,75,57,47.91,-97.06,82.4,4.7
125,Svetlogorsk,RU,2019-06-27,75,87,53.14,59.15,51.8,4.47
126,Shimoda,JP,2019-06-27,75,94,34.7,138.93,75.0,2.24
127,Imeni Poliny Osipenko,RU,2019-06-27,100,71,52.42,136.49,54.59,1.63
128,Culfa,AZ,2019-06-27,20,41,38.95,45.63,75.2,4.7
129,Stromness,CA,2019-06-27,40,39,42.87,-79.55,86.0,5.82
130,Cardston,CA,2019-06-27,90,93,49.2,-113.32,57.2,5.82
131,Camocim,BR,2019-06-27,52,78,-2.9,-40.84,79.25,2.53
132,Lagoa,PT,2019-06-27,0,56,37.14,-8.45,71.6,17.22
133,Longkou,CN,2019-06-27,70,84,37.64,120.47,73.13,11.34
134,Hithadhoo,MV,2019-06-27,100,70,-0.6,73.08,83.57,5.32
135,Georgetown,GY,2019-06-27,75,94,6.8,-58.16,78.8,6.93
136,Provideniya,RU,2019-06-27,90,87,64.42,-173.23,50.0,6.71
137,Tadine,NC,2019-06-27,100,85,-21.55,167.88,72.23,12.21
138,Buraydah,SA,2019-06-27,0,17,26.33,43.97,95.0,8.05
139,Saint Anthony,US,2019-06-27,1,27,43.97,-111.68,80.01,14.99
140,Sitka,US,2019-06-27,0,44,37.17,-99.65,93.99,21.0
141,Ucluelet,CA,2019-06-27,90,100,48.94,-125.55,57.0,3.36
142,Komsomolskiy,RU,2019-06-27,100,85,67.55,63.78,48.83,6.82
143,Kathu,ZA,2019-06-27,0,69,-27.7,23.05,51.01,9.8
144,Isangel,VU,2019-06-27,100,90,-19.55,169.27,72.23,8.5
145,Florianopolis,BR,2019-06-27,0,82,-27.6,-48.55,68.0,6.93
146,Ballina,IE,2019-06-27,0,59,54.11,-9.15,66.99,17.22
147,Aktau,KZ,2019-06-27,0,46,43.65,51.16,69.8,6.71
148,Kruisfontein,ZA,2019-06-27,0,18,-34.0,24.73,57.83,11.27
149,Gort,IE,2019-06-27,0,56,53.07,-8.82,71.6,11.41
150,Seoul,KR,2019-06-27,75,94,37.57,126.98,73.4,1.12
151,Omboue,GA,2019-06-27,0,80,-1.57,9.26,74.93,15.21
152,Nanortalik,GL,2019-06-27,100,98,60.14,-45.24,37.49,4.92
153,Castro,CL,2019-06-27,75,75,-42.48,-73.76,41.0,10.29
154,Hobart,AU,2019-06-27,0,66,-42.88,147.33,57.0,10.29
155,Mar Del Plata,AR,2019-06-27,4,41,-46.43,-67.52,33.17,9.28
156,Pevek,RU,2019-06-27,100,97,69.7,170.27,32.45,22.75
157,Turukhansk,RU,2019-06-27,89,94,65.8,87.96,50.45,7.0
158,Yerbogachen,RU,2019-06-27,12,57,61.28,108.01,63.41,2.77
159,El Colomo,MX,2019-06-27,75,38,20.87,-105.16,91.4,12.75
160,Dalbandin,PK,2019-06-27,0,8,28.9,64.41,87.17,20.24
161,Bilibino,RU,2019-06-27,100,90,68.06,166.44,41.27,3.98
162,Porto Novo,BR,2019-06-27,40,77,-23.68,-45.44,69.8,4.7
163,Puerto Leguizamo,CO,2019-06-27,26,92,-0.19,-74.78,79.61,2.62
164,Tasiilaq,GL,2019-06-27,100,87,65.61,-37.64,46.4,10.29
165,Ostrovnoy,RU,2019-06-27,100,97,68.05,39.51,40.55,19.69
166,Faanui,PF,2019-06-27,82,77,-16.48,-151.75,79.07,6.51
167,Haines Junction,CA,2019-06-27,100,37,60.75,-137.51,64.31,2.71
168,Vaini,IN,2019-06-27,100,90,15.34,74.49,78.17,6.29
169,Visby,SE,2019-06-27,5,82,57.64,18.3,63.0,5.82
170,Santa Vitoria Do Palmar,BR,2019-06-27,66,71,-33.52,-53.37,50.63,8.52
171,Fare,PF,2019-06-27,69,82,-16.7,-151.02,77.99,14.23
172,Zdunska Wola,PL,2019-06-27,0,77,51.6,18.94,63.0,4.7
173,Sao Jose Da Coroa Grande,BR,2019-06-27,1,89,-8.9,-35.15,71.87,4.65
174,Leningradskiy,RU,2019-06-27,92,93,69.38,178.42,36.77,4.47
175,Rio Grande,BR,2019-06-27,0,87,-32.03,-52.1,53.6,5.82
176,Constitucion,MX,2019-06-27,75,20,23.99,-104.67,84.2,2.24
177,San Felipe,CL,2019-06-27,100,99,-32.75,-70.73,52.0,3.78
178,Awjilah,LY,2019-06-27,0,48,29.14,21.3,81.41,17.36
179,Lushoto,TZ,2019-06-27,0,97,-4.8,38.29,63.77,4.94
180,Mangrol,IN,2019-06-27,73,43,25.33,76.51,93.11,13.87
181,Morondava,MG,2019-06-27,0,67,-20.3,44.28,76.73,14.05
182,Sao Geraldo Do Araguaia,BR,2019-06-27,20,69,-6.4,-48.55,78.89,2.48
183,Moorhead,US,2019-06-27,1,83,46.87,-96.75,73.99,7.87
184,Avarua,CK,2019-06-27,98,69,-21.21,-159.78,75.2,8.05
185,Karratha,AU,2019-06-27,0,65,-20.74,116.85,66.83,18.07
186,Mnogovershinnyy,RU,2019-06-27,0,59,53.94,139.92,53.87,7.96
187,Maniitsoq,GL,2019-06-27,0,68,65.42,-52.9,43.61,22.7
188,Tuatapere,NZ,2019-06-27,33,92,-46.13,167.69,41.0,3.0
189,Santa Luzia,BR,2019-06-27,20,60,-19.77,-43.85,77.0,9.17
190,San Martin,MX,2019-06-27,71,21,27.96,-110.94,106.0,10.0
191,Hojai,IN,2019-06-27,96,94,26.0,92.85,73.49,2.95
192,Aswan,EG,2019-06-27,0,10,24.09,32.9,100.4,8.05
193,Longyearbyen,NO,2019-06-27,75,69,78.22,15.63,37.4,14.99
194,Kindu,CD,2019-06-27,100,90,-2.95,25.92,71.51,4.18
195,Lompoc,US,2019-06-27,1,64,34.64,-120.46,80.01,16.11
196,Ankara,TR,2019-06-27,0,56,39.92,32.85,73.99,3.36
197,Lorengau,PG,2019-06-27,77,82,-2.02,147.27,79.97,6.87
198,Vestmanna,FO,2019-06-27,100,100,62.16,-7.17,50.0,9.17
199,Poronaysk,RU,2019-06-27,42,67,49.22,143.1,54.95,2.64
200,Poyarkovo,RU,2019-06-27,61,87,49.62,128.65,51.17,3.87
201,Caravelas,BR,2019-06-27,0,82,-17.73,-39.27,74.93,9.53
202,El Tigre,VE,2019-06-27,2,46,8.89,-64.25,85.73,12.88
203,Suarez,CO,2019-06-27,75,43,4.05,-74.83,91.4,9.17
204,Carutapera,BR,2019-06-27,52,84,-1.2,-46.02,79.07,8.81
205,San Patricio,PY,2019-06-27,25,86,-26.98,-56.83,64.13,5.7
206,Havre-Saint-Pierre,CA,2019-06-27,90,100,50.23,-63.6,51.8,10.29
207,Hastings,NZ,2019-06-27,0,85,-39.64,176.84,38.39,1.43
208,Aklavik,CA,2019-06-27,40,44,68.22,-135.01,59.0,2.24
209,Klaksvik,FO,2019-06-27,100,100,62.23,-6.59,50.0,9.17
210,Sakaiminato,JP,2019-06-27,75,83,35.55,133.23,73.4,24.16
211,Hervey Bay,AU,2019-06-27,43,93,-25.3,152.85,60.01,8.05
212,Fomboni,KM,2019-06-27,4,76,-12.28,43.74,78.53,17.72
213,Novobirilyussy,RU,2019-06-27,0,76,56.95,90.69,60.53,2.57
214,Honningsvag,NO,2019-06-27,40,80,70.98,25.97,41.0,24.16
215,Goderich,CA,2019-06-27,0,51,43.74,-81.71,82.99,8.01
216,Harper,US,2019-06-27,1,52,30.3,-99.24,90.0,8.05
217,Hami,CN,2019-06-27,0,18,42.84,93.51,75.47,18.5
218,Fortuna,US,2019-06-27,1,63,40.6,-124.16,71.01,14.99
219,Juneau,US,2019-06-27,20,31,58.3,-134.42,78.8,12.75
220,Hudson Bay,CA,2019-06-27,98,42,52.86,-102.4,74.39,3.13
221,Bani Walid,LY,2019-06-27,0,61,31.76,14.0,73.67,9.55
222,Mamontovo,RU,2019-06-27,34,95,52.71,81.63,60.35,3.89
223,Gat,SN,2019-06-27,100,78,14.69,-16.54,78.8,6.93
224,Sibolga,ID,2019-06-27,100,75,1.74,98.78,82.67,5.86
225,Abha,SA,2019-06-27,0,11,18.22,42.5,78.8,4.7
226,Esperance,AU,2019-06-27,0,87,-33.86,121.89,44.6,17.22
227,Vila Franca Do Campo,PT,2019-06-27,20,72,37.72,-25.43,64.4,8.05
228,Bima,ID,2019-06-27,1,96,-8.45,118.73,62.69,2.06
229,Kerouane,GN,2019-06-27,90,88,12.23,-12.34,73.4,9.17
230,Daguit,PH,2019-06-27,100,93,14.19,122.73,76.37,2.35
231,Chernyshevskiy,RU,2019-06-27,40,58,63.01,112.47,66.65,0.34
232,Moron,HT,2019-06-27,100,74,18.56,-74.26,83.03,6.24
233,Zhongshu,CN,2019-06-27,92,98,24.52,103.77,62.33,3.22
234,Rorvik,NO,2019-06-27,75,71,64.86,11.24,50.0,10.29
235,Geraldton,CA,2019-06-27,40,36,49.72,-86.95,77.0,12.75
236,Matara,BI,2019-06-27,96,86,-3.48,29.48,52.25,0.92
237,Ipixuna,BR,2019-06-27,40,66,-1.76,-48.8,86.0,3.36
238,Eyl,SO,2019-06-27,54,60,7.98,49.82,78.71,28.34
239,Kavaratti,IN,2019-06-27,54,76,10.57,72.64,83.21,16.69
240,Qaqortoq,GL,2019-06-27,75,62,60.72,-46.03,55.4,8.05
241,Lawrenceburg,US,2019-06-27,75,73,35.24,-87.33,81.0,10.29
242,Kon Tum,VN,2019-06-27,67,99,14.36,108.0,69.71,1.66
243,Tukums,LV,2019-06-27,75,72,56.97,23.17,59.0,13.87
244,Kununurra,AU,2019-06-27,0,81,-15.77,128.74,48.2,6.98
245,Sawakin,SD,2019-06-27,54,17,19.1,37.33,86.27,2.17
246,Santa Isabel Do Rio Negro,BR,2019-06-27,0,76,-0.41,-65.02,82.85,5.39
247,Sao Joao Da Barra,BR,2019-06-27,0,73,-21.64,-41.05,77.0,4.7
248,Corinto,CO,2019-06-27,20,49,3.17,-76.26,89.6,11.41
249,Norman Wells,CA,2019-06-27,75,28,65.28,-126.83,69.8,4.7
250,Hoi An,VN,2019-06-27,20,62,15.88,108.33,86.0,5.82
251,Astoria,US,2019-06-27,20,67,46.19,-123.83,64.0,14.99
252,Shache,CN,2019-06-27,98,45,38.42,77.24,70.61,21.54
253,Hamilton,CA,2019-06-27,40,39,43.26,-79.87,87.01,5.82
254,Katsuura,JP,2019-06-27,75,94,33.93,134.5,73.99,1.12
255,Pontal Do Parana,BR,2019-06-27,75,93,-25.67,-48.51,64.99,2.73
256,Santa Marta,CO,2019-06-27,75,44,11.24,-74.21,96.8,9.17
257,Fort Nelson,CA,2019-06-27,75,67,58.81,-122.69,57.2,2.24
258,Obihiro,JP,2019-06-27,100,93,42.92,143.2,50.81,5.19
259,Hannut,BE,2019-06-27,0,72,50.67,5.08,68.0,8.05
260,Saint-Augustin,CA,2019-06-27,40,45,45.63,-73.98,84.99,10.29
261,Xiaoweizhai,CN,2019-06-27,100,99,26.23,107.51,70.07,3.85
262,Ayan,IR,2019-06-27,1,78,38.23,44.7,56.39,3.22
263,Viesca,MX,2019-06-27,75,26,25.34,-102.81,95.0,6.93
264,Broome,GB,2019-06-27,75,87,52.47,1.45,57.99,9.17
265,Manavalakurichi,IN,2019-06-27,20,83,8.13,77.3,82.4,8.05
266,Ilulissat,GL,2019-06-27,75,65,69.22,-51.1,41.0,12.75
267,Nome,US,2019-06-27,40,66,30.04,-94.42,91.4,4.29
268,Hasaki,JP,2019-06-27,75,94,35.73,140.83,75.2,2.24
269,Guangyuan,CN,2019-06-27,100,83,32.43,105.86,61.61,4.09
270,Talnakh,RU,2019-06-27,75,81,69.49,88.39,44.6,11.18
271,Maltahohe,NA,2019-06-27,0,46,-24.83,16.98,47.93,4.72
272,Yellowknife,CA,2019-06-27,40,25,62.45,-114.38,60.8,8.05
273,Gornyy,RU,2019-06-27,100,97,51.76,48.54,60.53,9.26
274,Salalah,OM,2019-06-27,75,88,17.01,54.1,82.4,9.17
275,Jaciara,BR,2019-06-27,0,43,-15.95,-54.98,80.69,5.12
276,Beipiao,CN,2019-06-27,100,64,41.8,120.76,71.51,10.29
277,Tuytepa,UZ,2019-06-27,0,34,41.03,69.36,78.8,9.17
278,Puyang,CN,2019-06-27,100,57,35.76,115.02,78.17,5.01
279,Ravar,IR,2019-06-27,0,13,31.27,56.81,76.55,4.99
280,Teahupoo,PF,2019-06-27,75,69,-17.83,-149.27,82.4,16.11
281,Kundiawa,PG,2019-06-27,94,98,-6.02,144.97,54.59,0.4
282,Kavieng,PG,2019-06-27,100,76,-2.57,150.8,85.01,18.52
283,Ekhabi,RU,2019-06-27,0,75,53.51,142.97,49.91,12.95
284,Ponta Do Sol,BR,2019-06-27,19,65,-20.63,-46.0,68.09,6.93
285,Sabha,LY,2019-06-27,44,15,27.03,14.43,94.37,7.14
286,Codrington,AU,2019-06-27,90,93,-28.95,153.24,57.2,4.99
287,Takoradi,GH,2019-06-27,100,91,4.89,-1.75,74.39,5.37
288,Puerto Ayacucho,CO,2019-06-27,20,49,5.66,-67.63,91.4,6.93
289,Praia,BR,2019-06-27,0,50,-20.25,-43.81,77.0,9.17
290,Grand Gaube,MU,2019-06-27,75,88,-20.01,57.66,73.99,3.36
291,Horta,BR,2019-06-27,20,65,-10.93,-37.66,80.6,10.29
292,Siirt,TR,2019-06-27,0,22,37.93,41.94,83.57,2.21
293,Knysna,ZA,2019-06-27,0,13,-34.04,23.05,66.2,16.11
294,Vangaindrano,MG,2019-06-27,100,94,-23.35,47.6,68.45,2.95
295,Rio Verde De Mato Grosso,BR,2019-06-27,4,58,-18.92,-54.84,76.91,5.61
296,Carnarvon,ZA,2019-06-27,0,22,-30.97,22.13,52.07,18.7
297,Donskoye,RU,2019-06-27,0,50,45.45,41.98,75.2,8.95
298,Grand-Lahou,CI,2019-06-27,100,96,5.24,-5.0,72.59,3.74
299,San Cristobal,HN,2019-06-27,41,38,14.68,-86.92,84.47,14.67
300,Mukhen,RU,2019-06-27,98,77,48.19,136.14,56.21,4.56
301,Minsk,BY,2019-06-27,40,82,53.9,27.56,59.0,13.42
302,Coihaique,CL,2019-06-27,20,89,-45.58,-72.07,37.4,1.68
303,Ntchisi,MW,2019-06-27,0,68,-13.36,33.92,54.59,5.06
304,Chulman,RU,2019-06-27,100,89,56.84,124.9,54.77,1.92
305,Kalianget,ID,2019-06-27,20,73,-7.35,109.91,73.4,3.36
306,Lagunas,PE,2019-06-27,47,60,-5.23,-75.68,87.53,3.58
307,Te Anau,NZ,2019-06-27,38,83,-45.41,167.72,41.99,5.97
308,Greece,US,2019-06-27,40,37,43.21,-77.69,84.99,11.41
309,Santa Rita,BR,2019-06-27,40,78,-7.13,-34.98,78.8,9.17
310,Barcelos,BR,2019-06-27,23,90,-0.97,-62.93,80.87,2.59
311,Sokoto,NG,2019-06-27,27,40,13.06,5.24,91.49,3.96
312,Teya,MX,2019-06-27,75,59,21.05,-89.07,91.4,13.87
313,Tomatlan,MX,2019-06-27,0,61,19.93,-105.25,87.53,9.95
314,Coquimbo,CL,2019-06-27,20,71,-29.95,-71.34,55.4,9.17
315,Balikpapan,ID,2019-06-27,84,96,-1.24,116.86,72.23,3.94
316,Woodward,US,2019-06-27,1,36,36.43,-99.39,93.99,17.22
317,Nybro,SE,2019-06-27,0,93,56.75,15.91,59.0,1.12
318,Quatre Cocos,MU,2019-06-27,75,88,-20.21,57.76,73.99,3.36
319,Tarauaca,BR,2019-06-27,58,65,-8.16,-70.77,83.21,1.95
320,Chamonix-Mont-Blanc,IT,2019-06-27,0,69,45.92,6.87,81.0,5.82
321,Salcininkai,LT,2019-06-27,75,67,54.3,25.38,63.0,16.11
322,Lasa,CY,2019-06-27,0,88,34.92,32.53,77.0,10.29
323,Port Lincoln,AU,2019-06-27,49,63,-34.72,135.86,62.15,25.88
324,Aykhal,RU,2019-06-27,75,77,65.95,111.51,60.8,8.95
325,Honiara,SB,2019-06-27,40,100,-9.43,159.96,75.2,2.24
326,Poum,MK,2019-06-27,20,63,41.28,20.71,64.4,8.05
327,Torbay,CA,2019-06-27,75,82,47.66,-52.73,63.0,5.82
328,Caraquet,CA,2019-06-27,90,87,47.79,-64.94,60.8,4.7
329,Saeby,DK,2019-06-27,0,84,57.33,10.52,59.0,1.99
330,Bloemfontein,ZA,2019-06-27,0,50,-29.12,26.22,55.4,10.29
331,Millinocket,US,2019-06-27,90,82,45.66,-68.71,72.0,5.82
332,De Land,US,2019-06-27,1,48,40.12,-88.65,90.0,4.7
333,Gawler,AU,2019-06-27,0,51,-34.6,138.75,62.01,17.22
334,Kahului,US,2019-06-27,20,43,20.89,-156.47,91.4,6.93
335,Posse,BR,2019-06-27,0,32,-14.08,-46.36,75.83,6.76
336,Altay,CN,2019-06-27,77,66,47.83,88.13,50.45,2.95
337,Husavik,CA,2019-06-27,80,26,50.56,-96.99,82.0,5.01
338,Great Yarmouth,GB,2019-06-27,75,87,52.61,1.73,57.99,9.17
339,Marienburg,DE,2019-06-27,75,71,52.12,9.98,60.01,8.05
340,Yagodnoye,RU,2019-06-27,98,66,62.52,149.63,51.53,11.54
341,Hays,US,2019-06-27,1,39,38.88,-99.33,99.0,27.51
342,Belaya Gora,RU,2019-06-27,2,34,68.54,146.19,62.87,8.43
343,Safford,US,2019-06-27,40,11,32.83,-109.71,100.4,5.82
344,Yuryevets,RU,2019-06-27,71,81,57.32,43.11,51.89,10.71
345,Oriximina,BR,2019-06-27,1,66,-1.77,-55.87,85.91,7.83
346,Walvis Bay,NA,2019-06-27,0,72,-22.95,14.51,60.8,3.36
347,Ancud,CL,2019-06-27,75,75,-41.87,-73.83,41.0,10.29
348,Fiche,ET,2019-06-27,37,66,9.77,38.74,65.75,7.7
349,Meulaboh,ID,2019-06-27,26,79,4.14,96.13,81.05,7.36
350,Cherskiy,RU,2019-06-27,100,74,68.75,161.3,47.39,14.56
351,Makakilo City,US,2019-06-27,75,78,21.35,-158.09,82.4,9.17
352,Bandarbeyla,SO,2019-06-27,100,62,9.49,50.81,79.07,28.12
353,Comodoro Rivadavia,AR,2019-06-27,40,86,-45.87,-67.48,33.8,3.36
354,Faya,SA,2019-06-27,0,11,18.39,42.45,78.8,4.7
355,Amapa,HN,2019-06-27,75,70,15.09,-87.97,86.0,12.75
356,Vanavara,RU,2019-06-27,4,68,60.35,102.28,59.63,3.09
357,Mahon,IE,2019-06-27,20,72,51.89,-8.4,64.0,21.92
358,Casablanca,MA,2019-06-27,40,88,33.6,-7.62,69.8,9.17
359,Artigas,BR,2019-06-27,0,89,-30.4,-56.46,53.69,8.9
360,Beloha,MG,2019-06-27,5,86,-25.17,45.06,67.55,11.5
361,Agua Verde,MX,2019-06-27,40,49,22.89,-105.97,93.2,12.75
362,Itarema,BR,2019-06-27,1,78,-2.92,-39.92,78.71,9.28
363,Forbes,AU,2019-06-27,0,72,-33.38,148.01,53.01,3.0
364,Slave Lake,CA,2019-06-27,90,46,55.28,-114.77,69.8,6.93
365,Vershino-Darasunskiy,RU,2019-06-27,33,90,52.35,115.52,50.27,4.21
366,Kuryk,KZ,2019-06-27,0,23,43.18,51.68,78.17,7.36
367,Beringovskiy,RU,2019-06-27,82,69,63.05,179.32,48.65,5.88
368,Palmer,AU,2019-06-27,0,51,-34.85,139.16,62.01,17.22
369,Mumbwa,ZM,2019-06-27,0,70,-14.99,27.06,52.97,4.45
370,Dwarka,IN,2019-06-27,20,48,28.58,77.04,95.0,3.36
371,Daru,PG,2019-06-27,98,92,-9.07,143.21,75.83,11.36
372,Kushima,JP,2019-06-27,75,94,31.5,131.29,75.2,1.12
373,Saint-Joseph,FR,2019-06-27,0,69,43.56,6.97,89.6,1.12
374,Solhan,TR,2019-06-27,0,42,38.97,41.05,63.23,6.78
375,Olinda,AU,2019-06-27,0,66,-37.84,145.39,57.0,10.29
376,Palana,RU,2019-06-27,84,84,59.08,159.95,48.29,4.38
377,Okhotsk,RU,2019-06-27,10,56,59.36,143.24,65.39,8.75
378,Adrar,DZ,2019-06-27,0,6,27.87,-0.29,102.2,9.17
379,Saint George,GR,2019-06-27,0,50,39.45,22.34,79.0,2.04
380,Marawi,PH,2019-06-27,100,87,8.0,124.29,75.99,5.99
381,Biak,ID,2019-06-27,100,97,-0.91,122.88,64.49,4.72
382,Hobyo,SO,2019-06-27,72,74,5.35,48.53,76.91,27.07
383,Whyalla,AU,2019-06-27,0,71,-33.04,137.58,55.4,8.05
384,Bonthe,SL,2019-06-27,100,89,7.53,-12.5,77.99,7.61
385,Venafro,IT,2019-06-27,0,88,41.48,14.05,82.4,2.24
386,Sao Filipe,CV,2019-06-27,0,85,14.9,-24.5,74.21,20.98
387,Bereda,ES,2019-06-27,0,93,43.27,-7.54,66.99,1.12
388,Hamada,JP,2019-06-27,94,88,34.9,132.08,73.0,14.54
389,Banjar,ID,2019-06-27,92,91,-7.37,108.54,69.71,0.98
390,Yuzhno-Kurilsk,RU,2019-06-27,100,85,44.03,145.86,49.55,0.49
391,Kloulklubed,PW,2019-06-27,90,83,7.04,134.26,80.6,12.75
392,La Ronge,CA,2019-06-27,75,60,55.1,-105.3,68.0,10.29
393,Seydi,NE,2019-06-27,0,31,13.34,7.75,93.47,1.03
394,Ambanja,MG,2019-06-27,63,71,-13.68,48.45,78.35,5.88
395,Ilo,PE,2019-06-27,0,72,-17.65,-71.34,64.4,10.29
396,Hovd,NO,2019-06-27,75,93,63.83,10.7,51.01,16.11
397,San Francisco,CO,2019-06-27,20,33,1.17,-76.88,77.0,18.34
398,South Bend,US,2019-06-27,20,62,41.68,-86.25,89.01,8.05
399,Kaeo,NZ,2019-06-27,41,95,-35.1,173.78,51.01,1.99
400,Yumen,CN,2019-06-27,0,22,40.29,97.04,66.65,8.46
401,Severo-Kurilsk,RU,2019-06-27,100,91,50.68,156.12,41.27,7.38
402,Marzuq,YE,2019-06-27,100,30,14.4,46.47,83.03,2.26
403,Sur,OM,2019-06-27,0,58,22.57,59.53,87.17,17.76
404,Adre,TD,2019-06-27,100,70,13.47,22.2,74.93,11.79
405,Boke,GN,2019-06-27,100,87,10.95,-14.28,77.99,5.17
406,Kerema,PG,2019-06-27,88,88,-7.96,145.78,78.53,12.97
407,Dali,CN,2019-06-27,100,92,34.79,109.94,65.39,6.46
408,Xique-Xique,BR,2019-06-27,0,65,-10.82,-42.73,79.97,1.79
409,Russell,US,2019-06-27,1,34,38.9,-98.86,99.0,32.21
410,Dillon,US,2019-06-27,40,59,45.22,-112.64,69.01,11.41
411,Maldonado,UY,2019-06-27,0,58,-34.91,-54.96,53.6,9.17
412,Santa Ana,MX,2019-06-27,0,18,30.54,-111.12,102.0,1.99
413,Eatonton,US,2019-06-27,1,52,33.33,-83.39,91.99,5.97
414,Port Hardy,CA,2019-06-27,75,87,50.7,-127.42,57.2,8.05
415,Paita,PE,2019-06-27,0,290,-5.09,-81.11,62.6,12.75
416,Cuiluan,CN,2019-06-27,100,98,47.72,128.65,51.53,10.2
417,Chulym,RU,2019-06-27,100,95,55.09,80.97,54.95,9.19
418,Ust-Tsilma,RU,2019-06-27,99,60,65.44,52.15,53.33,3.18
419,California City,US,2019-06-27,1,11,35.13,-117.99,95.0,18.34
420,Las Varas,MX,2019-06-27,75,46,21.18,-105.14,91.4,8.39
421,Baker City,US,2019-06-27,90,71,44.77,-117.83,57.0,6.93
422,Sungairaya,ID,2019-06-27,100,80,0.7,108.9,83.93,18.3
423,Cabedelo,BR,2019-06-27,40,78,-6.97,-34.84,78.8,9.17
424,Zhigalovo,RU,2019-06-27,100,95,54.81,105.15,52.25,2.39
425,Trairi,BR,2019-06-27,2,80,-3.28,-39.27,76.19,4.34
426,Cascais,PT,2019-06-27,20,82,38.7,-9.42,68.0,5.82
427,Kulachi,PK,2019-06-27,0,34,31.93,70.46,88.97,2.42
428,Marau,BR,2019-06-27,0,72,-28.45,-52.2,64.4,13.87
429,Tymovskoye,RU,2019-06-27,8,73,50.85,142.66,52.07,2.86
430,Lichinga,MZ,2019-06-27,0,71,-13.3,35.25,58.55,2.95
431,Port Blair,IN,2019-06-27,100,79,11.67,92.75,83.75,23.87
432,Catuday,PH,2019-06-27,100,70,16.29,119.81,84.11,11.59
433,Bombay,US,2019-06-27,40,47,44.94,-74.57,82.0,11.41
434,Solana Beach,US,2019-06-27,1,60,32.99,-117.27,79.0,9.17
435,Jonava,LT,2019-06-27,0,67,55.07,24.28,57.2,8.05
436,Igarka,RU,2019-06-27,100,81,67.47,86.57,43.79,8.48
437,Nantucket,US,2019-06-27,90,93,41.28,-70.1,73.4,8.05
438,Lufilufi,WS,2019-06-27,75,66,-13.87,-171.6,84.2,8.05
439,Pandan,PH,2019-06-27,100,77,11.72,122.09,83.21,17.65
440,Sao Gabriel Da Cachoeira,BR,2019-06-27,66,77,-0.13,-67.09,83.21,3.29
441,Berlevag,NO,2019-06-27,40,70,70.86,29.09,42.8,24.16
442,Cuenca,EC,2019-06-27,40,43,-2.9,-79.0,71.6,11.41
443,Kalmunai,LK,2019-06-27,100,77,7.42,81.82,76.55,2.68
444,Acajutla,SV,2019-06-27,71,66,13.59,-89.83,86.63,10.94
445,Tottori,JP,2019-06-27,75,94,35.5,134.23,73.4,6.93
446,Kailua,US,2019-06-27,75,74,21.39,-157.74,82.4,10.29
447,Ternovskaya,RU,2019-06-27,0,38,45.86,40.4,68.09,4.81
448,Nortelandia,BR,2019-06-27,0,41,-14.45,-56.8,84.29,5.03
449,Akita,JP,2019-06-27,100,92,39.72,140.1,65.39,10.0
450,Lima,PE,2019-06-27,75,72,-12.06,-77.04,66.2,6.93
451,Khani,GE,2019-06-27,40,94,41.96,42.96,73.4,4.7
452,Sergeyevka,KZ,2019-06-27,100,76,53.88,67.42,50.63,3.0
453,Calvinia,ZA,2019-06-27,0,81,-31.47,19.78,41.81,8.97
454,Malm,NO,2019-06-27,75,93,64.07,11.22,51.01,16.11
455,Mount Gambier,AU,2019-06-27,40,62,-37.83,140.78,57.2,17.22
456,Laguna,BZ,2019-06-27,75,62,16.17,-88.94,89.6,9.17
457,Naze,NG,2019-06-27,94,97,5.43,7.07,72.59,4.27
458,Eganville,CA,2019-06-27,75,42,45.54,-77.1,84.99,5.82
459,Howard Springs,AU,2019-06-27,0,82,-12.5,131.05,64.4,4.7
460,Ondangwa,NA,2019-06-27,0,29,-17.91,15.98,66.2,2.24
461,Trincomalee,LK,2019-06-27,48,72,8.58,81.23,79.97,11.41
462,Ambilobe,MG,2019-06-27,0,90,-13.19,49.05,70.79,2.37
463,Treinta Y Tres,UY,2019-06-27,99,81,-33.23,-54.39,47.75,8.08
464,Amuntai,ID,2019-06-27,14,90,-2.42,115.25,73.49,3.49
465,Cap Malheureux,MU,2019-06-27,75,88,-19.98,57.61,73.99,3.36
466,Farafangana,MG,2019-06-27,100,96,-22.82,47.83,68.09,4.16
467,Labuhan,ID,2019-06-27,23,94,-2.54,115.51,71.51,1.39
468,Fairbanks,US,2019-06-27,90,40,64.84,-147.72,73.4,2.37
469,Mandi Bahauddin,PK,2019-06-27,0,29,32.58,73.49,92.57,5.06
470,Port Hedland,AU,2019-06-27,90,100,-20.31,118.58,59.0,4.7
471,Fallon,US,2019-06-27,1,35,46.84,-105.12,86.0,19.46
472,Iquitos,PE,2019-06-27,75,319,-3.75,-73.25,42.8,2.24
473,Bonavista,CA,2019-06-27,98,82,48.65,-53.11,46.99,3.0
474,Cabcab,PH,2019-06-27,94,78,13.63,124.05,83.75,16.2
475,Havelock,US,2019-06-27,75,43,34.88,-76.9,91.99,8.05
476,Bubaque,GW,2019-06-27,38,81,11.28,-15.83,80.87,16.53
477,Vestmannaeyjar,IS,2019-06-27,100,98,63.44,-20.27,52.61,16.35
478,Sorong,ID,2019-06-27,95,91,-0.86,131.25,75.83,8.9
479,Rabo De Peixe,PT,2019-06-27,20,72,37.8,-25.58,64.4,8.05
480,Cockburn Town,TC,2019-06-27,97,77,21.46,-71.14,82.67,19.44
481,Tilichiki,RU,2019-06-27,96,77,60.47,166.1,47.57,3.0
482,Abnub,EG,2019-06-27,0,24,27.27,31.15,95.0,11.41
483,Naftalan,AZ,2019-06-27,40,50,40.5,46.82,78.8,4.7
484,Cacahuatepec,MX,2019-06-27,20,75,16.89,-99.61,89.6,8.05
485,Sterling,US,2019-06-27,40,46,39.0,-77.4,93.99,6.93
486,Emerald,AU,2019-06-27,27,93,-23.53,148.16,55.4,9.17
487,Portales,US,2019-06-27,1,20,34.19,-103.33,95.0,14.99
488,Angoram,PG,2019-06-27,84,99,-4.06,144.07,74.57,1.79
489,San Jose De Buan,PH,2019-06-27,100,97,12.05,125.03,73.67,2.62
490,Lingao,CN,2019-06-27,100,69,19.91,109.69,86.81,12.97
491,Ankazoabo,MG,2019-06-27,0,84,-22.29,44.51,62.51,2.04
492,Jaisalmer,IN,2019-06-27,0,63,26.91,70.91,85.91,24.09
493,Qom,IR,2019-06-27,0,14,34.64,50.88,80.69,9.13
494,Kalaleh,IR,2019-06-27,75,83,37.38,55.49,80.6,9.51
495,Stephenville Crossing,CA,2019-06-27,40,67,48.5,-58.44,59.0,13.87
496,San Juan,AR,2019-06-27,0,23,-31.54,-68.53,57.47,4.74
497,Yeniseysk,RU,2019-06-27,23,67,58.45,92.17,61.25,0.31
498,Lavrentiya,RU,2019-06-27,100,95,65.58,-170.99,47.57,5.99
499,Balkhash,KZ,2019-06-27,39,39,46.84,74.98,78.17,16.24
500,Ronne,FR,2019-06-27,0,78,48.45,0.83,77.0,8.05
501,Coelho Neto,BR,2019-06-27,100,82,-4.25,-43.02,77.99,3.27
502,Hirara,JP,2019-06-27,4,82,24.8,125.28,83.57,15.79
503,Aitape,PG,2019-06-27,100,86,-3.15,142.36,77.27,3.67
504,Albino,IT,2019-06-27,0,74,45.76,9.8,91.4,4.7
505,Ulladulla,AU,2019-06-27,20,100,-35.36,150.48,46.4,5.82
506,Iskateley,RU,2019-06-27,100,78,67.68,53.15,51.53,5.73
507,Chimbote,PE,2019-06-27,0,90,-9.08,-78.59,63.05,13.13
508,Wajir,KE,2019-06-27,55,57,1.75,40.07,79.25,23.31
509,Arica,CL,2019-06-27,0,68,-18.48,-70.32,64.4,9.17
510,Sri Aman,MY,2019-06-27,100,94,1.24,111.46,75.2,2.24
511,Banjul,GM,2019-06-27,0,83,13.46,-16.58,80.6,4.7
512,Jiaocheng,CN,2019-06-27,0,98,24.68,116.14,73.13,1.9
513,Mwingi,KE,2019-06-27,24,81,-0.93,38.07,64.85,10.29
514,Guamuchil,MX,2019-06-27,6,39,25.47,-108.1,105.01,8.99
515,Muli,CN,2019-06-27,86,96,28.08,109.56,72.41,1.1
516,Krasnyy Chikoy,RU,2019-06-27,100,99,50.36,108.75,52.43,5.77
517,Dingle,PH,2019-06-27,85,84,11.0,122.67,76.55,6.85
518,Kieta,PG,2019-06-27,47,77,-6.22,155.63,81.95,5.28
519,Drinovci,HR,2019-06-27,0,73,43.85,16.01,80.01,6.93
520,Hay River,CA,2019-06-27,40,44,60.82,-115.79,59.0,11.41
521,Barranquilla,CO,2019-06-27,75,70,10.98,-74.8,96.8,13.87
522,Gambela,ET,2019-06-27,100,80,8.25,34.59,68.81,4.12
523,Pombas,BR,2019-06-27,0,43,-15.9,-54.74,80.69,5.12
524,Muncar,ID,2019-06-27,0,91,-8.43,114.34,65.21,2.37
525,Sinnamary,GF,2019-06-27,98,79,5.38,-52.96,81.59,15.59
526,Haysville,US,2019-06-27,40,52,37.56,-97.35,95.0,18.34
527,Udachnyy,RU,2019-06-27,75,77,66.42,112.4,60.8,8.95
528,Moerai,PF,2019-06-27,56,73,-22.43,-151.33,71.51,19.04
529,Quang Ngai,VN,2019-06-27,34,84,15.12,108.8,73.13,3.13
